<?xml version="1.0" encoding="UTF-8"?>
<testResults version="1.2">
<httpSample t="92" it="0" lt="81" ct="4" ts="1679566833856" s="false" lb="HTTP Request" rc="500" rm="" tn="Thread Group 1-4" dt="text" by="575" sby="269" ng="4" na="4" hn="AAEITDEPT023">
  <assertionResult>
    <name>Response Assertion</name>
    <failure>true</failure>
    <error>false</error>
    <failureMessage>Test failed: code expected to equal /

****** received  : [[[5]]]00

****** comparison: [[[2]]]00

/</failureMessage>
  </assertionResult>
  <responseHeader class="java.lang.String">HTTP/1.1 500 
Vary: Origin
Vary: Access-Control-Request-Method
Vary: Access-Control-Request-Headers
X-Content-Type-Options: nosniff
X-XSS-Protection: 1; mode=block
Cache-Control: no-cache, no-store, max-age=0, must-revalidate
Pragma: no-cache
Expires: 0
X-Frame-Options: DENY
Content-Type: application/json
Transfer-Encoding: chunked
Date: Thu, 23 Mar 2023 09:47:08 GMT
Connection: close
</responseHeader>
  <requestHeader class="java.lang.String">Connection: keep-alive
clientId: AAE_TEST
Content-Type: application/json
: 
Content-Length: 45
Host: 172.18.10.22:8089
User-Agent: Apache-HttpClient/4.5.13 (Java/1.8.0_221)
</requestHeader>
  <responseData class="java.lang.String">{&quot;status&quot;:&quot;Failed&quot;,&quot;errorCode&quot;:&quot;500&quot;,&quot;errorMessage&quot;:&quot;External SMS Service Failure&quot;,&quot;errorDescription&quot;:&quot;External SMS Service Failure, Please try after sometime&quot;}</responseData>
  <responseFile class="java.lang.String"></responseFile>
  <cookies class="java.lang.String"></cookies>
  <method class="java.lang.String">POST</method>
  <queryString class="java.lang.String">{&#xd;
  &quot;username&quot;: &quot;demo&quot;,&#xd;
  &quot;password&quot;: &quot;&quot;&#xd;
}</queryString>
  <java.net.URL>http://172.18.10.22:8089/ext-sms-integration/login</java.net.URL>
</httpSample>
<httpSample t="684" it="0" lt="672" ct="4" ts="1679566833345" s="true" lb="HTTP Request" rc="200" rm="" tn="Thread Group 1-1" dt="text" by="686" sby="330" ng="4" na="4" hn="AAEITDEPT023">
  <assertionResult>
    <name>Response Assertion</name>
    <failure>false</failure>
    <error>false</error>
  </assertionResult>
  <responseHeader class="java.lang.String">HTTP/1.1 200 
Vary: Origin
Vary: Access-Control-Request-Method
Vary: Access-Control-Request-Headers
X-Content-Type-Options: nosniff
X-XSS-Protection: 1; mode=block
Cache-Control: no-cache, no-store, max-age=0, must-revalidate
Pragma: no-cache
Expires: 0
X-Frame-Options: DENY
Content-Type: application/json
Transfer-Encoding: chunked
Date: Thu, 23 Mar 2023 09:47:08 GMT
Keep-Alive: timeout=20
Connection: keep-alive
</responseHeader>
  <requestHeader class="java.lang.String">Connection: keep-alive
clientId: AAE_TEST
Content-Type: application/json
: 
Content-Length: 105
Host: 172.18.10.22:8089
User-Agent: Apache-HttpClient/4.5.13 (Java/1.8.0_221)
</requestHeader>
  <responseData class="java.lang.String">{&quot;tokenType&quot;:&quot;Bearer&quot;,&quot;token&quot;:&quot;Bearer eyJhbGciOiJIUzUxMiJ9.eyJzdWIiOiJkZW1vIiwiY2xpZW50SWQiOiJBQUVfVEVTVCIsImV4cCI6MTY3OTU4MjgyOCwiaWF0IjoxNjc5NTY0ODI4fQ.ytEnbh_yGdBd12P4wYrkZ2KlrcHoBFbGJqPDfLXM9wHdm8S_plvjsP5xMBawWUufqSXQDtunhgO9EbqZmFdJgg&quot;}</responseData>
  <responseFile class="java.lang.String"></responseFile>
  <cookies class="java.lang.String"></cookies>
  <method class="java.lang.String">POST</method>
  <queryString class="java.lang.String">{&#xd;
  &quot;username&quot;: &quot;demo&quot;,&#xd;
  &quot;password&quot;: &quot;$2a$10$f1nNyZEa/5xp66ScaBt4COlcDWzSBNlxA2sBcX7TqwJxyqpKP8nq2&quot;&#xd;
}</queryString>
  <java.net.URL>http://172.18.10.22:8089/ext-sms-integration/login</java.net.URL>
</httpSample>
<httpSample t="560" it="0" lt="551" ct="4" ts="1679566833457" s="false" lb="HTTP Request" rc="500" rm="" tn="Thread Group 1-2" dt="text" by="575" sby="330" ng="4" na="4" hn="AAEITDEPT023">
  <assertionResult>
    <name>Response Assertion</name>
    <failure>true</failure>
    <error>false</error>
    <failureMessage>Test failed: code expected to equal /

****** received  : [[[5]]]00

****** comparison: [[[2]]]00

/</failureMessage>
  </assertionResult>
  <responseHeader class="java.lang.String">HTTP/1.1 500 
Vary: Origin
Vary: Access-Control-Request-Method
Vary: Access-Control-Request-Headers
X-Content-Type-Options: nosniff
X-XSS-Protection: 1; mode=block
Cache-Control: no-cache, no-store, max-age=0, must-revalidate
Pragma: no-cache
Expires: 0
X-Frame-Options: DENY
Content-Type: application/json
Transfer-Encoding: chunked
Date: Thu, 23 Mar 2023 09:47:08 GMT
Connection: close
</responseHeader>
  <requestHeader class="java.lang.String">Connection: keep-alive
clientId: AAE_TEST
Content-Type: application/json
: 
Content-Length: 105
Host: 172.18.10.22:8089
User-Agent: Apache-HttpClient/4.5.13 (Java/1.8.0_221)
</requestHeader>
  <responseData class="java.lang.String">{&quot;status&quot;:&quot;Failed&quot;,&quot;errorCode&quot;:&quot;500&quot;,&quot;errorMessage&quot;:&quot;External SMS Service Failure&quot;,&quot;errorDescription&quot;:&quot;External SMS Service Failure, Please try after sometime&quot;}</responseData>
  <responseFile class="java.lang.String"></responseFile>
  <cookies class="java.lang.String"></cookies>
  <method class="java.lang.String">POST</method>
  <queryString class="java.lang.String">{&#xd;
  &quot;username&quot;: &quot;demo&quot;,&#xd;
  &quot;password&quot;: &quot;$2a$10$f1nNyZEa/5xp66ScaBt4COlcDWzSBNlxA2sBcX7TqwJxyqpKP8nq3&quot;&#xd;
}</queryString>
  <java.net.URL>http://172.18.10.22:8089/ext-sms-integration/login</java.net.URL>
</httpSample>
<sample t="0" it="0" lt="0" ct="0" ts="1679566834209" s="true" lb="Debug Sampler" rc="200" rm="OK" tn="Thread Group 1-1" dt="text" by="582" sby="0" ng="5" na="5" hn="AAEITDEPT023">
  <assertionResult>
    <name>Response Assertion</name>
    <failure>false</failure>
    <error>false</error>
  </assertionResult>
  <responseHeader class="java.lang.String"></responseHeader>
  <requestHeader class="java.lang.String"></requestHeader>
  <responseData class="java.lang.String">JMeterVariables:
JMeterThread.last_sample_ok=true
JMeterThread.pack=org.apache.jmeter.threads.SamplePackage@f930977
START.HMS=124626
START.MS=1679561186943
START.YMD=20230323
TESTSTART.MS=1679566832896
__jm__Thread Group__idx=0
__jmeter.U_T__=Thread Group 1-1
__jmv_SAME_USER=true
password=$2a$10$f1nNyZEa/5xp66ScaBt4COlcDWzSBNlxA2sBcX7TqwJxyqpKP8nq2
token=Bearer eyJhbGciOiJIUzUxMiJ9.eyJzdWIiOiJkZW1vIiwiY2xpZW50SWQiOiJBQUVfVEVTVCIsImV4cCI6MTY3OTU4MjgyOCwiaWF0IjoxNjc5NTY0ODI4fQ.ytEnbh_yGdBd12P4wYrkZ2KlrcHoBFbGJqPDfLXM9wHdm8S_plvjsP5xMBawWUufqSXQDtunhgO9EbqZmFdJgg
username=demo

</responseData>
  <responseFile class="java.lang.String"></responseFile>
  <samplerData class="java.lang.String">JMeterVariables
</samplerData>
</sample>
<sample t="1" it="0" lt="0" ct="0" ts="1679566834194" s="true" lb="Debug Sampler" rc="200" rm="OK" tn="Thread Group 1-4" dt="text" by="344" sby="0" ng="5" na="5" hn="AAEITDEPT023">
  <assertionResult>
    <name>Response Assertion</name>
    <failure>false</failure>
    <error>false</error>
  </assertionResult>
  <responseHeader class="java.lang.String"></responseHeader>
  <requestHeader class="java.lang.String"></requestHeader>
  <responseData class="java.lang.String">JMeterVariables:
JMeterThread.last_sample_ok=false
JMeterThread.pack=org.apache.jmeter.threads.SamplePackage@5819306a
START.HMS=124626
START.MS=1679561186943
START.YMD=20230323
TESTSTART.MS=1679566832896
__jm__Thread Group__idx=0
__jmeter.U_T__=Thread Group 1-4
__jmv_SAME_USER=true
password=
token=TokenNotFound
token_matchNr=0
username=demo

</responseData>
  <responseFile class="java.lang.String"></responseFile>
  <samplerData class="java.lang.String">JMeterVariables
</samplerData>
</sample>
<sample t="0" it="0" lt="0" ct="0" ts="1679566834241" s="true" lb="Debug Sampler" rc="200" rm="OK" tn="Thread Group 1-2" dt="text" by="404" sby="0" ng="5" na="5" hn="AAEITDEPT023">
  <assertionResult>
    <name>Response Assertion</name>
    <failure>false</failure>
    <error>false</error>
  </assertionResult>
  <responseHeader class="java.lang.String"></responseHeader>
  <requestHeader class="java.lang.String"></requestHeader>
  <responseData class="java.lang.String">JMeterVariables:
JMeterThread.last_sample_ok=false
JMeterThread.pack=org.apache.jmeter.threads.SamplePackage@7c3c519d
START.HMS=124626
START.MS=1679561186943
START.YMD=20230323
TESTSTART.MS=1679566832896
__jm__Thread Group__idx=0
__jmeter.U_T__=Thread Group 1-2
__jmv_SAME_USER=true
password=$2a$10$f1nNyZEa/5xp66ScaBt4COlcDWzSBNlxA2sBcX7TqwJxyqpKP8nq3
token=TokenNotFound
token_matchNr=0
username=demo

</responseData>
  <responseFile class="java.lang.String"></responseFile>
  <samplerData class="java.lang.String">JMeterVariables
</samplerData>
</sample>
<httpSample t="1743" it="0" lt="1742" ct="4" ts="1679566833655" s="false" lb="HTTP Request" rc="500" rm="" tn="Thread Group 1-3" dt="text" by="252" sby="326" ng="2" na="2" hn="AAEITDEPT023">
  <assertionResult>
    <name>Response Assertion</name>
    <failure>true</failure>
    <error>false</error>
    <failureMessage>Test failed: code expected to equal /

****** received  : [[[5]]]00

****** comparison: [[[2]]]00

/</failureMessage>
  </assertionResult>
  <responseHeader class="java.lang.String">HTTP/1.1 500 
Content-Type: application/json
Transfer-Encoding: chunked
Date: Thu, 23 Mar 2023 09:47:10 GMT
Connection: close
</responseHeader>
  <requestHeader class="java.lang.String">Connection: keep-alive
clientId: AAE_TEST
Content-Type: application/json
: 
Content-Length: 101
Host: 172.18.10.22:8089
User-Agent: Apache-HttpClient/4.5.13 (Java/1.8.0_221)
</requestHeader>
  <responseData class="java.lang.String">{&quot;timestamp&quot;:1679564830081,&quot;status&quot;:500,&quot;error&quot;:&quot;Internal Server Error&quot;,&quot;path&quot;:&quot;/ext-sms-integration/login&quot;}</responseData>
  <responseFile class="java.lang.String"></responseFile>
  <cookies class="java.lang.String"></cookies>
  <method class="java.lang.String">POST</method>
  <queryString class="java.lang.String">{&#xd;
  &quot;username&quot;: &quot;&quot;,&#xd;
  &quot;password&quot;: &quot;$2a$10$f1nNyZEa/5xp66ScaBt4COlcDWzSBNlxA2sBcX7TqwJxyqpKP8nq2&quot;&#xd;
}</queryString>
  <java.net.URL>http://172.18.10.22:8089/ext-sms-integration/login</java.net.URL>
</httpSample>
<httpSample t="1341" it="0" lt="1340" ct="3" ts="1679566834057" s="false" lb="HTTP Request" rc="500" rm="" tn="Thread Group 1-5" dt="text" by="252" sby="265" ng="2" na="2" hn="AAEITDEPT023">
  <assertionResult>
    <name>Response Assertion</name>
    <failure>true</failure>
    <error>false</error>
    <failureMessage>Test failed: code expected to equal /

****** received  : [[[5]]]00

****** comparison: [[[2]]]00

/</failureMessage>
  </assertionResult>
  <responseHeader class="java.lang.String">HTTP/1.1 500 
Content-Type: application/json
Transfer-Encoding: chunked
Date: Thu, 23 Mar 2023 09:47:10 GMT
Connection: close
</responseHeader>
  <requestHeader class="java.lang.String">Connection: keep-alive
clientId: AAE_TEST
Content-Type: application/json
: 
Content-Length: 41
Host: 172.18.10.22:8089
User-Agent: Apache-HttpClient/4.5.13 (Java/1.8.0_221)
</requestHeader>
  <responseData class="java.lang.String">{&quot;timestamp&quot;:1679564830081,&quot;status&quot;:500,&quot;error&quot;:&quot;Internal Server Error&quot;,&quot;path&quot;:&quot;/ext-sms-integration/login&quot;}</responseData>
  <responseFile class="java.lang.String"></responseFile>
  <cookies class="java.lang.String"></cookies>
  <method class="java.lang.String">POST</method>
  <queryString class="java.lang.String">{&#xd;
  &quot;username&quot;: &quot;&quot;,&#xd;
  &quot;password&quot;: &quot;&quot;&#xd;
}</queryString>
  <java.net.URL>http://172.18.10.22:8089/ext-sms-integration/login</java.net.URL>
</httpSample>
<sample t="1" it="0" lt="0" ct="0" ts="1679566835566" s="true" lb="Debug Sampler" rc="200" rm="OK" tn="Thread Group 1-3" dt="text" by="400" sby="0" ng="2" na="2" hn="AAEITDEPT023">
  <assertionResult>
    <name>Response Assertion</name>
    <failure>false</failure>
    <error>false</error>
  </assertionResult>
  <responseHeader class="java.lang.String"></responseHeader>
  <requestHeader class="java.lang.String"></requestHeader>
  <responseData class="java.lang.String">JMeterVariables:
JMeterThread.last_sample_ok=false
JMeterThread.pack=org.apache.jmeter.threads.SamplePackage@7b51fdb5
START.HMS=124626
START.MS=1679561186943
START.YMD=20230323
TESTSTART.MS=1679566832896
__jm__Thread Group__idx=0
__jmeter.U_T__=Thread Group 1-3
__jmv_SAME_USER=true
password=$2a$10$f1nNyZEa/5xp66ScaBt4COlcDWzSBNlxA2sBcX7TqwJxyqpKP8nq2
token=TokenNotFound
token_matchNr=0
username=

</responseData>
  <responseFile class="java.lang.String"></responseFile>
  <samplerData class="java.lang.String">JMeterVariables
</samplerData>
</sample>
<sample t="0" it="0" lt="0" ct="0" ts="1679566835551" s="true" lb="Debug Sampler" rc="200" rm="OK" tn="Thread Group 1-5" dt="text" by="340" sby="0" ng="2" na="2" hn="AAEITDEPT023">
  <assertionResult>
    <name>Response Assertion</name>
    <failure>false</failure>
    <error>false</error>
  </assertionResult>
  <responseHeader class="java.lang.String"></responseHeader>
  <requestHeader class="java.lang.String"></requestHeader>
  <responseData class="java.lang.String">JMeterVariables:
JMeterThread.last_sample_ok=false
JMeterThread.pack=org.apache.jmeter.threads.SamplePackage@63c29cf0
START.HMS=124626
START.MS=1679561186943
START.YMD=20230323
TESTSTART.MS=1679566832896
__jm__Thread Group__idx=0
__jmeter.U_T__=Thread Group 1-5
__jmv_SAME_USER=true
password=
token=TokenNotFound
token_matchNr=0
username=

</responseData>
  <responseFile class="java.lang.String"></responseFile>
  <samplerData class="java.lang.String">JMeterVariables
</samplerData>
</sample>

</testResults>
